"Group","Gender","rs2476601","rs3087243","rs3807306","rs1800629","rs1799724"
"CFS","f","AG","GG","GG","AA","CC"
"HC","f","GG","AA","GT","GG","CC"
"HC","f","GG","GG","GG","GG","CC"
"HC","m","AG",NA,"GT","GG","CC"
"CFS","f","AG","AG","TT","GG","CT"
"CFS","m","GG","AG","GT","GG","CC"
"HC","m","GG","AA","GT","GG","CC"
"CFS","f","GG","GG","GT","GG","CC"
"CFS","f","GG","AG","GT","GG","CC"
"CFS","f","AG","AA","GG","AA","CC"
"CFS","f","GG","AG","GG","GG","CC"
"CFS","f","GG","AG","GT","GG","CC"
"HC","m",NA,"AG","GT","GG","CT"
"CFS","m","GG","GG","GT","GG","CC"
"HC","f","AG",NA,"GT","AG","CC"
"CFS","f","GG","GG","GG",NA,"CC"
"CFS","f","GG","GG","GG","AG","CC"
"HC","f","GG","AG","GG","AG","CT"
"HC","f","GG","AG","GT","GG","CT"
"CFS","f","GG","GG","GT",NA,"CC"
"CFS","f","AG",NA,"TT","GG","CC"
"HC","m","GG","AA","TT","GG","CC"
"CFS","m","GG","GG","GT","AG","CC"
"HC","f","GG","AG","GT","GG","CC"
"CFS","m","GG","AA","GT","GG","CT"
"CFS","f","GG","GG","GG","GG","CC"
"CFS","m","AG","GG","GT","AG","CC"
"CFS","f","GG","AG","GT","AG","CC"
"HC","f","GG","AG","GT","GG","CC"
"HC","f","GG","AA","GT","GG","CC"
"CFS","f","GG","AG","GT",NA,"CT"
"HC","f","AG","GG","GT","GG","CC"
"CFS","f","AA","AA","GT","GG","CC"
"HC","f","AG","GG","GG","GG","CT"
"HC","m","GG","AG","GT","GG","CC"
"CFS","m",NA,"GG","GG","AG","CC"
"CFS","m","GG","GG","GG",NA,"CC"
"CFS","m","GG","AG","GT","GG","CC"
"CFS","f","AG","GG","GT","AG","CC"
"CFS","f","GG","AG","GT","AG","CC"
"CFS","f","GG","AG","TT","GG","CT"
"CFS","m","GG","AG","GT","AG","CC"
"CFS","f","GG","GG","TT","AG","CC"
"HC","f","GG","AG","GT",NA,"CC"
"CFS","m","GG","GG","GG","GG","CC"
"CFS","m","GG","AA","GT","AG","CC"
"HC","f","GG","AG","GT","GG","CC"
"CFS","f","GG","GG","TT","AG","CT"
"HC","f","GG","AA","GG","AG","CT"
"HC","m","GG","AG","TT","GG","CC"
"HC","f","GG","AG","GT","GG","CC"
"HC","f","GG","AA","GG","AG","CT"
"HC","m","GG","AG","GG","AG","CT"
"HC","m","GG","AA","TT","GG","CC"
"CFS","m",NA,"AG","GT","GG","CC"
"HC","f","GG","GG","GG","GG","CC"
"CFS","f","GG","GG","GT","GG","CC"
"HC","m","GG","AG","TT","AG","CC"
"HC","f","GG","GG","GT",NA,"CT"
"HC","f","AG","GG","GG","GG","CT"
"HC","f","GG","GG","TT",NA,"CC"
"HC","f","GG","AG","GT","AG","CC"
"CFS","m","GG","AG",NA,"GG","CC"
"HC","f","AG","AG","GT","GG","CC"
"CFS","f","GG","AG","GT","GG","CC"
"HC","f","GG","AG","GT","GG","CC"
"CFS","f","GG","GG","GT","GG",NA
"CFS","f","GG","AG","GT","GG","CC"
"HC","f","GG","AG","GT","GG",NA
"CFS","f","GG","GG","GT","GG","CC"
"CFS","f","GG","AG","GT","GG",NA
"HC","f","GG","AG","GG","AA","CC"
"CFS","f","GG","AG","GT","GG","CC"
"CFS","f","GG","AG","GG","AG","CC"
"CFS","f","AG","AG","GG","GG","CC"
"CFS","f","AG","AA","TT","AG","CC"
"HC","f","GG","AG","GT","GG","CT"
"CFS","m","GG","AG","GT","GG","CC"
"HC","m","GG","GG",NA,"GG","CC"
"HC","f","GG","GG","TT","GG","CC"
"CFS","f","AG","AG","GT","GG","CC"
"HC","m","GG","AG","GT","AG","CC"
"HC","m","GG","GG","GT","GG","CC"
"CFS","f","GG","AG","GT","AG","CC"
"HC","m","GG",NA,"TT","GG","CC"
"HC","f","GG","AA","GT","AG","CC"
"HC","f","GG","AG","GG","GG","CT"
"CFS","f","AG","AG","GT","AG","CC"
"CFS","f","GG","AG","GT","AG","CC"
"HC","m","GG","AA","TT","AG",NA
"HC","m","GG","AA","TT","GG","CC"
"CFS","f","AG","GG","GT","GG","CC"
"HC","f","GG","AA",NA,"AG","CT"
"CFS","f","GG","GG","GG","AG","CC"
"CFS","f","GG","AA",NA,"GG","CC"
"HC","f","GG","GG","TT","AG","CC"
"HC","f","GG","GG","GT","AG","CC"
"HC","f",NA,"AG","GT","GG","CC"
"CFS","f","GG","GG","GT","GG","CC"
"CFS","f","GG","AG","GG","AG","CC"
"CFS","m","GG","GG","TT","GG","CC"
"CFS","f","AA","AA","GT","GG","CC"
"CFS","f","GG",NA,"GG","GG","CC"
"HC","f","AG","GG","GG","GG","CC"
"CFS","f","AG","AG","TT","AG","CC"
"CFS","m","AG","GG","GT","AG","CC"
"CFS","f","GG","GG","TT","AG","CC"
"HC","m","GG","AG","GG","AG","CC"
"CFS","m","GG","GG","GT","GG",NA
"HC","m","GG","GG","GT","GG","CC"
"HC","f","GG","AA","GG","AG","CT"
"CFS","f","GG","GG","GG","GG","CT"
"HC","m","GG","GG","GT","GG","CC"
"HC","f","GG","AA",NA,"AG","CT"
"HC","f","GG","AA","GT","GG","CC"
"HC","f","GG","AG","GT","GG","CC"
"CFS","m","GG","AA","GT","GG","CC"
"HC","f","GG",NA,"GT","GG","CC"
"CFS","m","GG","GG","GG","GG","CC"
"HC","m","GG","AA","GT","GG","CC"
"CFS","f","GG","AA",NA,"GG","CC"
"HC","m","GG","AG","GG","GG","CC"
"HC","f","GG","AG","GT","GG","CC"
"CFS","f","GG","GG","GT",NA,"CC"
"CFS","f","GG","AG","GT","AG","CC"
"HC","f","GG","AG","GT","GG","CT"
"CFS","m","AG","AG","GT","GG","CC"
"HC","m","GG","AG","GG","GG","CT"
"CFS","m","GG","AG","TT","GG","CC"
"HC","m","GG","AG","GT","GG","CC"
"HC","m","GG","AG","GT","AG",NA
"HC","m","GG","AG","TT","GG","CC"
"HC","m","GG","AG","GT","AG","CC"
"HC","f","GG","GG","GT","GG",NA
"CFS","f","GG","GG","GG","GG","CC"
"HC","f","GG","GG",NA,"GG","CC"
"HC","m","GG",NA,"GT","AG","CC"
"CFS","f","GG","AG","GT","GG","CC"
"CFS","f","GG","GG","GG","GG","CT"
"HC","f","GG","AG","TT","GG","CT"
"CFS","f","AG",NA,"TT","AG","CC"
"HC","f","GG","AG","GT","AG",NA
"CFS","f","GG","GG","TT","GG","CC"
"HC","f","GG","AA","GT","AG","CC"
"CFS","f","GG","GG","GT","GG","CC"
"HC","m","GG","GG","GG","GG","CC"
"CFS","m",NA,"GG","TT","AG","CC"
"CFS","f","GG","GG","TT","AG","CT"
"HC","m","GG","AG","GT","AG","CC"
"CFS","f","GG","AG","TT","GG","CT"
"HC","f","GG","GG","GT","GG","CT"
"CFS","m","AG","AG","TT","GG","CC"
"CFS","m",NA,"AG","GG","AG","CC"
"HC","m","GG","GG","GG","GG","CC"
"CFS","m","GG","AG","GT","GG","CC"
"CFS","f","GG","GG","TT","GG","CT"
"CFS","f","AG","AG","GT","GG","CT"
"HC","f","GG","GG","GT",NA,"CT"
"CFS","f","GG","GG","GT","GG","CC"
"CFS","m","GG","AG","TT","GG","CC"
"HC","m","GG","AG","TT","AG",NA
"CFS","m","GG","GG","GT","GG","CC"
"HC","f","GG","GG","GT","GG","CC"
"HC","m","GG","GG","GG","GG","CC"
"CFS","f","GG",NA,"GG","AG",NA
"CFS","m","GG","AA","GT","GG","CC"
"CFS","f","GG","GG","GT","GG",NA
"CFS","f","AG","GG","GT","AG","CC"
"HC","m","GG","GG","GT","GG","CT"
"HC","f","AG","AG","TT","GG","CT"
"CFS","m","GG","AA","GT","GG","CT"
"HC","f","GG","GG","TT","AG","CC"
"HC","f","AG","AG","TT","GG","CC"
"CFS","f",NA,"GG",NA,"GG","CT"
"HC","f","GG","AG","GG","AG","CC"
"HC","f","AG","AG","TT","GG","CC"
"CFS","m","GG","AG","GG","GG","CC"
"HC","m","GG","GG","TT","AA","CC"
"CFS","f","GG","GG","GT","GG","CC"
"HC","m","GG",NA,"GT","AG","CC"
"HC","f","GG","GG","GT","GG","CC"
"HC","m","AG","AG","TT","GG","CC"
"CFS","f","AG","GG","GT","GG","CC"
"HC","m","GG","AG","GT","GG","CT"
"HC","f","AG","AA","TT","GG","CC"
"CFS","f","AG","GG","GG","AG","CC"
"HC","f","GG","AA","TT","AG","CC"
"HC","f","GG","AG","GT","AG","CT"
"CFS","m","GG","AG","GT","GG","CC"
"HC","m","GG","AG","GT","GG","CT"
"HC","m","AG",NA,"GT","GG","CC"
"CFS","f","GG","GG","GT","GG","CC"
"CFS","m","GG","AG","GT","GG","CC"
"CFS","m","GG","GG","TT","GG","CC"
"CFS","m","GG","AG","GT","GG","CC"
"HC","f","GG","GG","TT","AG","CC"
"CFS","f","GG","GG","TT","GG","CT"
"CFS","m","GG","AG","TT","GG","CC"
"CFS","m","AG","GG","TT","GG",NA
"HC","m","AG","AG","TT","GG","CC"
"HC","f","GG","AG","GT","GG","CC"
"CFS","f","AG",NA,"TT","AG","CC"
"CFS","f","GG","GG","GG","AG","CC"
"CFS","f","GG","AG","GT","AG","CC"
"CFS","m","GG","GG","GT","GG","CC"
"CFS","f","GG","AG","GT","AG","CC"
"CFS","m","GG","AG","TT","GG","CC"
"HC","m","GG","AG","GG","GG","TT"
"CFS","f","GG","AG","GT","AG","CC"
"CFS","f","GG","GG","TT","AG","CC"
"CFS","f","AG","AG","TT","GG","TT"
"CFS","f","GG","GG","TT","AG","CC"
"HC","f","GG","AA","GT","GG","CC"
"CFS","f","AG","GG","GT","GG","CT"
"CFS","f","GG","GG",NA,"AG","CC"
"CFS","m","GG","AG","GG","AG","CC"
"HC","f","GG","GG","GT","GG","CT"
"CFS","f","AG",NA,"GT","GG","CC"
"CFS","m","GG","AG","TT","GG","CC"
"HC","f","GG","AG","GG","AG","CT"
"HC","m","GG",NA,"TT","GG","CC"
"CFS","m","GG","AG","GT","GG","CC"
"HC","f","GG","AG","TT","AG","CC"
"CFS","m",NA,"AG","GT","AG","CC"
"CFS","f","AG","AG","TT","GG","CC"
"CFS","f","GG","AG","TT","AG","CC"
"CFS","m","GG","GG","TT","GG","CC"
"CFS","m","GG","GG","TT","GG","CT"
"HC","m",NA,"AA","TT","GG","CC"
"HC","f","GG","AG","GG","AG","CC"
"CFS","m","GG","AG","GT","AG","CC"
"CFS","f","GG","GG","GT","GG","CC"
"CFS","f",NA,"GG","TT","GG","CC"
"HC","f","GG","AA","TT","GG","CC"
"CFS","f","GG","GG","GT","AG","CC"
"CFS","f","GG","AG","TT","AG",NA
"CFS","m","AG","GG","GT","AG","CC"
"CFS","m","GG","AG",NA,"GG","CC"
"CFS","m","GG","AG","TT","GG","CC"
"CFS","f","GG","GG","TT","GG","CC"
"HC","m","GG","AG","TT","AG","CC"
"HC","f","GG","AA",NA,"AG","CC"
"CFS","f","GG","GG","TT","GG","CC"
"CFS","m","AG","AG","GT","GG","CC"
"HC","m","GG","AA","GT","GG","CC"
"HC","m","GG","AG","GG","GG","CC"
"CFS","f","AG","GG","GT","GG","CC"
"HC","f","AG","AG","GT","GG","CC"
"HC","m","GG",NA,"TT","GG","CC"
"HC","f","GG","GG","GG","GG","CT"
"HC","m","GG",NA,NA,"GG","CC"
"CFS","f","AG","AA","TT","AG","CC"
"CFS","f","GG","GG","GG","GG","CT"
"HC","m","GG","GG","TT","AG","CC"
"CFS","m","GG","GG","GG","GG","CC"
"CFS","m","AG","GG","GG","AG","CT"
"CFS","f","GG","GG","GG","AG",NA
"CFS","m","GG","AA",NA,"GG","CT"
"CFS","m","GG","AG","GG","GG","CC"
"CFS","f","GG","AG","GG","GG","CT"
"CFS","f","AG","GG","GG","AA","CC"
"HC","m","GG","AG","GT","GG","TT"
"HC","f","GG","GG","GT","GG","CC"
"HC","m","GG","GG","GT","AG","CC"
"CFS","f","GG","AG",NA,"GG","CC"
"HC","f","GG","AG","GG","AG","CC"
"CFS","f","AG","AG","GT","GG","CC"
"CFS","f","GG","GG","GG","GG","CC"
"HC","f","GG","AG","GG","GG","CC"
"CFS","f",NA,"GG","GG","AG","CC"
"HC","m","GG","AG","TT","AG","CC"
"HC","m","GG","AA","GG",NA,"CT"
"CFS","m","GG","AG","GT","GG","CC"
"CFS","f","AG","AG","TT","GG","TT"
"CFS","m","AG","AG","GG","GG","CC"
"CFS","m","GG","GG","TT","GG","CC"
"CFS","f","GG","AG","GG","GG",NA
"CFS","m","AG",NA,"GT","GG","CC"
"HC","f","GG","GG","TT","AG","CC"
"HC","m","GG","AA","TT","GG","CC"
"HC","f","GG","AG","GG","GG",NA
"CFS","m","GG","AA","GG","GG","CC"
"CFS","m","GG","AG","GT","GG","CC"
"HC","f",NA,"AG","GT","AG","CC"
"CFS","m","GG","AG","GT","GG","CC"
"HC","f","GG","AG","GT","GG","CC"
"HC","m","GG","AA","TT","GG","CC"
"HC","f","GG",NA,"GT","GG","CC"
"CFS","m","AG","AA","GG","GG","CT"
"HC","m","GG","AG","GG","GG",NA
"HC","m","GG","AG","GT","GG","TT"
"HC","f","GG","GG","GG","GG","CC"
"CFS","f","GG","GG","TT","GG","CT"
"HC","m","GG","AG","GG","AG","CC"
"HC","m","GG","AG","GT","GG","CC"
"CFS","f","AG","AG","GG","GG","CC"
"HC","f","GG","GG","TT","GG","CC"
"HC","f","GG","AA","GT","GG","CC"
"HC","m","GG","AG","GT",NA,"CC"
"CFS","f","GG","AG","GT","GG","CT"
"HC","m","GG","AA","TT","AG","CC"
"HC","m","GG","GG","GG","GG","CC"
"CFS","f","AG","AG","TT","GG","CT"
"CFS","m","GG",NA,"GT","AG",NA
"CFS","m","GG","AG","TT","GG","CC"
"HC","f","GG","GG","TT","GG","CC"
"HC","m","GG","AG","TT",NA,"CC"
"CFS","f","AG","AG","TT","GG","CC"
"CFS","f","AG","AG","TT","GG","CC"
"CFS","m","GG","AA","GG","GG","CC"
"CFS","f","GG","AG","GT","GG","TT"
"HC","m","GG","AG","GT","GG","CC"
"HC","m","GG","AG","GT","GG","CC"
"CFS","m","GG","AG","GT",NA,"CC"
"CFS","f","GG","AG","GT","GG","CC"
"CFS","f","AG","AA","GT","GG","CC"
"HC","f","AG","GG","GG","GG","CC"
"HC","m","GG","GG","GT","GG","CC"
"HC","f","GG","AG",NA,"AG",NA
"HC","f","AG","AG","GG","AG","CT"
"HC","f","GG","AG","TT",NA,"CC"
"HC","m","GG","AG","TT","AG","CC"
"CFS","f","GG","GG","GG","GG","CC"
"CFS","f","GG","GG","TT","GG","CC"
"CFS","m","GG","AG","GT","GG","CC"
"CFS","m","GG","AG","GT","GG","CC"
"HC","f","AG","AG","GG","AG","CT"
"HC","f","AG","GG","GG","GG","CC"
"CFS","m","GG","GG","TT","GG","CC"
"CFS","m","AG","AG","TT","GG","CC"
"CFS","m",NA,"AG",NA,"GG","CC"
"HC","m","GG","AA","GT","AG","CC"
"HC","m","GG","GG","GT","GG","CC"
"HC","m","GG","AG",NA,"AG","CC"
"HC","f","GG","AA","GG","AG","CT"
"CFS","f","GG",NA,"GT","GG","CC"
"HC","m","GG","AG","TT","GG","CC"
"CFS","f","GG","GG","TT","GG","CC"
"HC","f","GG","AG","GT","AG","CC"
"CFS","f","GG","GG","TT","GG","CC"
"CFS","f","GG","GG","GG",NA,"CT"
"HC","m",NA,"AG","TT","AG","CC"
"HC","f","GG","AA","GT","GG","CC"
"HC","f","GG","AG","GG","GG","CC"
"HC","f","GG","AA","TT","GG","CC"
"HC","f","GG","AG","GT","GG","CC"
"CFS","f","GG","GG","GG","GG","CT"
"CFS","f","GG","GG","TT","GG","CC"
"CFS","m","GG","AA","TT","AG","CC"
"HC","f","GG","AA","TT","GG","CC"
"HC","m","GG","GG","GG","AA","CC"
"CFS","f","GG","AG","GT","GG","CC"
"CFS","f","AG","AG","TT",NA,"CC"
"HC","m","GG","AG","GT","AG","CC"
"HC","f","GG","GG","TT","AG","CC"
"HC","m","GG","AG","TT","GG","CC"
"HC","f","AG","AG","TT","GG","CC"
"CFS","m","GG","GG","GG","GG","CT"
"CFS","m","GG","GG","TT","GG","CC"
"CFS","f","GG","GG","GT","GG","CC"
"HC","f","GG","AG","GT","GG","CC"
"HC","f","GG","AG","GT","GG","CT"
"HC","f","GG","AG","GT",NA,"CC"
"HC","f","AG","AA","GG","GG","CC"
"CFS","f","AG","AA","GG","AG","CC"
"HC","m","GG","AG","TT","GG","CC"
"CFS","f","GG","AG","GT","AG","CC"
"HC","f","GG","GG","GT","GG","CC"
"CFS","f","GG","AG","TT","AG","CC"
"HC","f","GG","GG","GT","GG","CC"
"HC","m","GG","AG","GT","AG","CC"
"HC","m","GG","AG","GG","AG","CC"
"HC","m","GG","AG","GG","GG","TT"
"HC","m","GG","AG","TT","AG","CC"
"HC","f","GG","AG","GT","GG","CC"
"HC","f","AG","AG","GT","GG","CC"
"CFS","m","GG","AG","GT","GG","CC"
"CFS","f","GG","AG","TT","GG","CC"
"CFS","f","GG","AG","GG","GG","CC"
"HC","m","GG","AG","GG","GG","CC"
"HC","f","GG","AG","GT","GG","CC"
"CFS","f","GG","AG","GG","AG","CC"
"CFS","f","GG","GG","GT","GG","CT"
"CFS","f","GG","AG","GT","GG","CC"
"HC","f","GG","AA","GG","AG","CT"
"HC","m","GG","AA","TT","AG","CC"
"CFS","f","GG","GG","TT","GG","CT"
"HC","f","AG",NA,"GG","GG","CC"
"HC","m",NA,"GG","GT","GG","CC"
"CFS","f","GG","GG","TT","GG",NA
"CFS","f","GG","GG","GG","GG","CT"
"CFS","f",NA,"AA","GT","GG","CC"
"CFS","m","GG","AG","GT","GG","CC"
"HC","m","GG","AG","GG","AG","CC"
"HC","f","GG","GG","GT","AG","CC"
"HC","m","GG","GG","TT","GG","CC"
"CFS","m",NA,"AG","GT","GG","CC"
"HC","f","AG",NA,"GG","GG","CC"
"HC","m","GG","AG","GT","GG","CC"
"HC","f","AG","GG","GT","AG","CC"
"HC","m","GG",NA,"GT","GG","CC"
"CFS","f","AG","AG","GG","GG","CC"
"CFS","m","GG","AG","GG","GG","CC"
"CFS","m","GG","AA","GG","GG","CC"
"CFS","f","GG","GG","GG",NA,"CT"
"HC","m","GG","AG","GT","GG","CC"
"CFS","m","GG","AG","TT","AG","CC"
"HC","f","GG","GG","GG","GG","CT"
"HC","m","GG","GG","GT","GG","CT"
"CFS","m","GG","GG","GT","GG","CT"
"CFS","m","GG","AA","GG",NA,"CC"
"HC","m","GG","AA","GT","GG","CC"
"HC","m","GG","AG","GG","GG","TT"
"HC","m","GG","AA","GG","AG","CT"
"CFS","m","GG","AA","GT",NA,"CC"
"CFS","f","GG","GG","GG","AG","CC"
"CFS","m","GG","AG","GT","GG","CC"
"CFS","f","GG","GG","GT","GG","CC"
"HC","m","GG","AG","TT","GG","CC"
"CFS","f","GG","AG","GG","AG","CC"
"HC","f","GG","AA","GT","GG","CC"
"CFS","m","GG","AG",NA,"AG","CC"
"HC","m","GG","AA","GT","GG","CC"
"CFS","f","GG","AG","GT","AG","CC"
"CFS","f","AG","AG","TT","AA","CC"
"CFS","m","GG","GG","TT","GG","CT"
"HC","f","AG","GG","GG","GG","CT"
"CFS","m","GG","GG",NA,"GG","CT"
"HC","m","GG",NA,"TT","GG","CC"
"HC","m","AG","AG","GT","GG","CC"
"HC","f","AG","GG","GT","AG","CC"
"CFS","f","AG","AG","GT","GG","CC"
"CFS","m","GG","GG","GG","GG","CC"
"HC","m","GG","AG","GG","GG","CT"
"CFS","m","GG","AG","GT","GG","CC"
"HC","f",NA,"AG","GT","GG","CT"
"CFS","f",NA,"GG","GT","GG",NA
